"","ID","Description","GeneRatio","BgRatio","pvalue","p.adjust","qvalue","geneID","Count"
"GO:0003785","GO:0003785","actin monomer binding","3/36","27/28275",5.42860378607314e-06,0.000722004303547727,0.000440002622660665,"Tmsb10/Pfn1/Tmsb4x",3
"GO:0016209","GO:0016209","antioxidant activity","3/36","84/28275",0.000168242753371727,0.0111881430992199,0.00681825895243316,"Gstt2/Gpx4/Sod1",3
"GO:0004602","GO:0004602","glutathione peroxidase activity","2/36","26/28275",0.000502471639251955,0.0167071820051275,0.0101816621637896,"Gstt2/Gpx4",2
"GO:0097602","GO:0097602","cullin family protein binding","2/36","26/28275",0.000502471639251955,0.0167071820051275,0.0101816621637896,"Dcun1d3/Rbx1",2
"GO:0004601","GO:0004601","peroxidase activity","2/36","55/28275",0.0022432723231615,0.048952124906871,0.0298323198878438,"Gstt2/Gpx4",2
"GO:0003779","GO:0003779","actin binding","4/36","444/28275",0.00237436383566809,0.048952124906871,0.0298323198878438,"Tmsb10/Pfn1/Cfl1/Tmsb4x",4
"GO:0016684","GO:0016684","oxidoreductase activity, acting on peroxide as acceptor","2/36","59/28275",0.00257642762667742,0.048952124906871,0.0298323198878438,"Gstt2/Gpx4",2
