"","ID","Description","GeneRatio","BgRatio","pvalue","p.adjust","qvalue","geneID","Count"
"GO:0062023","GO:0062023","collagen-containing extracellular matrix","16/181","396/28739",5.06943135992034e-09,1.41437134941777e-06,1.10993865564572e-06,"Mgp/Mmrn2/Plscr1/Adamts1/S100a11/Timp3/S100a10/Fbln2/Kazald1/Entpd1/Tgfb2/Plscr2/Anxa2/Anxa7/Col14a1/Anxa5",16
"GO:0001726","GO:0001726","ruffle","8/181","153/28739",6.02768884301999e-06,0.000840862593601288,0.000659873304920083,"Bmx/Eps8l2/S100a11/Aif1l/Trpv4/Anxa2/Pdlim7/Arpc2",8
"GO:0031252","GO:0031252","cell leading edge","11/181","412/28739",6.55449772185124e-05,0.00514328256291444,0.00403623004371328,"Stmn2/Bmx/Eps8l2/S100a11/Aif1l/Kitl/Trpv4/Anxa2/Pdlim7/Abi3/Arpc2",11
"GO:0032587","GO:0032587","ruffle membrane","5/181","73/28739",9.95763039614669e-05,0.00514328256291444,0.00403623004371328,"Bmx/Eps8l2/Aif1l/Trpv4/Arpc2",5
"GO:0005925","GO:0005925","focal adhesion","7/181","169/28739",0.000102290232632698,0.00514328256291444,0.00403623004371328,"Aif1l/Rexo2/Plec/Trpv4/Fes/Pdlim7/Arpc2",7
"GO:0005604","GO:0005604","basement membrane","6/181","119/28739",0.00011060822715945,0.00514328256291444,0.00403623004371328,"Mmrn2/Adamts1/Timp3/Entpd1/Tgfb2/Anxa2",6
"GO:0030055","GO:0030055","cell-substrate junction","7/181","182/28739",0.000161954954921904,0.00613313114208722,0.00481302123204732,"Aif1l/Rexo2/Plec/Trpv4/Fes/Pdlim7/Arpc2",7
"GO:1905368","GO:1905368","peptidase complex","6/181","131/28739",0.000187198572775473,0.00613313114208722,0.00481302123204732,"Psmd7/Taf9/Psmc4/Psmb5/Spcs1/Psmb9",6
"GO:0019898","GO:0019898","extrinsic component of membrane","9/181","318/28739",0.00019784294006733,0.00613313114208722,0.00481302123204732,"S100a10/Gngt2/Pik3r3/Cdh13/Syt15/Zap70/Fes/Arhgef25/Anxa2",9
